{
    "90cm": {
        "24": {
            "path": "/home/ykonda/workspace/MA/audio_files/2019_09_14/front/24/90cm",
            "error_deg": 1.2136539040212415,
            "expected_deg": 0.0,
            "result_deg": 1.2136539040212415,
            "psnr": [
                27.23339449033631,
                26.321633884996004,
                25.64900446757294,
                27.06012761625532
            ],
            "psnr_mean": 26.56604011479014
        }
    },
    "280cm": {
        "24": {
            "path": "/home/ykonda/workspace/MA/audio_files/2019_09_14/front/24/280cm",
            "error_deg": 0.33980906372744907,
            "expected_deg": 0.0,
            "result_deg": -0.33980906372744907,
            "psnr": [
                24.35748473673688,
                23.004656499629228,
                23.29675341364407,
                27.111962743028414
            ],
            "psnr_mean": 24.44271434825965
        }
    },
    "120cm": {
        "24": {
            "path": "/home/ykonda/workspace/MA/audio_files/2019_09_14/front/24/120cm",
            "error_deg": 1.5049654410361426,
            "expected_deg": 0.0,
            "result_deg": 1.5049654410361426,
            "psnr": [
                20.523701719067855,
                24.674182874168903,
                25.419316989228776,
                25.311719228311688
            ],
            "psnr_mean": 23.982230202694304
        }
    },
    "60cm": {
        "24": {
            "path": "/home/ykonda/workspace/MA/audio_files/2019_09_14/front/24/60cm",
            "error_deg": 0.04962980971945102,
            "expected_deg": 0.0,
            "result_deg": 0.04962980971945102,
            "psnr": [
                27.863695686451535,
                27.100770665660793,
                27.65404302596602,
                26.10424507759604
            ],
            "psnr_mean": 27.180688613918598
        }
    },
    "30cm": {
        "24": {
            "path": "/home/ykonda/workspace/MA/audio_files/2019_09_14/front/24/30cm",
            "error_deg": 0.0,
            "expected_deg": 0.0,
            "result_deg": 0.0,
            "psnr": [
                26.262650289673644,
                26.20815939699765,
                25.15693008257946,
                26.251318536780172
            ],
            "psnr_mean": 25.969764576507732,
            "distance": -0.3472801023909372
        }
    }
}
