{
    "90cm": {
        "24": {
            "path": "/home/ykonda/workspace/MA/audio_files/2019_09_14/front/24/90cm",
            "error_deg": 1.106830729651193,
            "expected_deg": 0.0,
            "result_deg": -1.106830729651193,
            "psnr": [
                16.229745664218978,
                15.998611356830242,
                15.357919935239384,
                16.196439014039143
            ],
            "psnr_mean": 15.945678992581936
        }
    },
    "280cm": {
        "24": {
            "path": "/home/ykonda/workspace/MA/audio_files/2019_09_14/front/24/280cm",
            "error_deg": 0.15127886031898383,
            "expected_deg": 0.0,
            "result_deg": 0.15127886031898383,
            "psnr": [
                15.941589784516953,
                16.690179678869278,
                15.384515041546488,
                15.589866397602465
            ],
            "psnr_mean": 15.901537725633796
        }
    },
    "120cm": {
        "24": {
            "path": "/home/ykonda/workspace/MA/audio_files/2019_09_14/front/24/120cm",
            "error_deg": 2.1162874533192073,
            "expected_deg": 0.0,
            "result_deg": -2.1162874533192073,
            "psnr": [
                13.620663336148379,
                13.017553357494071,
                13.585461846863874,
                12.988524682934568
            ],
            "psnr_mean": 13.303050805860222
        }
    },
    "60cm": {
        "24": {
            "path": "/home/ykonda/workspace/MA/audio_files/2019_09_14/front/24/60cm",
            "error_deg": 1.3922082838296623,
            "expected_deg": 0.0,
            "result_deg": -1.3922082838296623,
            "psnr": [
                12.586817074745118,
                12.427650174459629,
                12.199803635439965,
                12.365326468831428
            ],
            "psnr_mean": 12.394899338369035
        }
    },
    "30cm": {
        "24": {
            "path": "/home/ykonda/workspace/MA/audio_files/2019_09_14/front/24/30cm",
            "error_deg": 0.0,
            "expected_deg": 0.0,
            "result_deg": 0.0,
            "psnr": [
                12.60941126885422,
                11.920433258883993,
                13.124941311647017,
                12.177365553078626
            ],
            "psnr_mean": 12.458037848115964,
            "distance": -0.2532353812345932
        }
    }
}